[
	{
		"tipSeq": 1,
		"tipLink": "h1",
		"tipText": "<strong> header</strong><br>The colours of the header are automatically generated based on the same colours as defined for the test itself.",
		"tipSize": 250,
		"adjustX" : 0,
		"adjustY" : 0
	},
	{
		"tipSeq": 2,
		"tipLink": ".nav-pills li:nth-child(2)",
		"tipText": "&lt;nav-pills&gt; The colours of the header are automatically generated based on the same colours as defined for the test itself.",
		"tipSize": 150,
		"adjustX" : 0,
		"adjustY" : 0
	},
	{
		"tipSeq": 3,
		"tipLink": ".btn.download1",
		"tipText": "<h4>&lt;download1&gt;</h4> The colours of the header are automatically generated based on the same colours as defined for the test itself.",
		"tipSize": 150,
		"adjustX" : 0,
		"adjustY" : 0
	},
	{
		"tipSeq": 6,
		"tipLink": "#explain",
		"tipText": "&lt;explain&gt; The colours of the header are automatically generated based on the same colours as defined for the test itself.",
		"tipSize": 300,
		"adjustX" : 0,
		"adjustY" : 0
	},
	{
		"tipSeq": 4,
		"tipLink": ".explain1",
		"tipText": " &lt;explain1&gt; The colours of the header are automatically generated based on the same colours as defined for the test itself.",
		"tipSize": 200,
		"adjustX" : -400,
		"adjustY" : 0
	},
	{
		"tipSeq": 5,
		"tipLink": ".btn.download2",
		"tipText": "&lt;download2&gt; The colours of the header are automatically generated based on the same colours as defined for the test itself.",
		"tipSize": 150,
		"adjustX" : 0,
		"adjustY" : 0
	}
]